Id,Article Link,Text
1,https://ne.wikipedia.org/wiki/%E0%A4%AE%E0%A5%81%E0%A4%96%E0%A5%8D%E0%A4%AF_%E0%A4%AA%E0%A5%83%E0%A4%B7%E0%A5%8D%E0%A4%A0#bodyContent,"यो एक स्वतन्त्रविश्वकोशहो जसलाईसबैले सम्पादन गर्न सक्छन्।नेपाली भाषामा कुल३१,३५० लेखहरूसङ्ग्रहित छन्। देवनागरी लिपिअथवानागरी लिपिबायाँ देखि दायाँ सम्म लेखिनेअक्षरात्मक लिपिमा आधारित एकप्राचीन ब्राह्मी लिपिहो। यसको प्रयोगभारतीय उपमहाद्वीपमा हुने गर्दछ। यसको विकासप्राचीन भारतमा पहिलो देखि चौथो शताब्दीको बीचमा भएको थियो भने यसको प्रयोग सातौँ शताब्दी देखी हुँदै आएको छ। देवनागरी लिपिमा, ४७ वटावर्णहरू हुन्छन् जसमा १४ वटास्वरवर्णर ३३ वटाव्यञ्जनवर्णहुन्छन्। यो संसारमा सबैभन्दा बढी प्रयोग हुने लिपि मध्ये चौथो हो जहा यस लिपिमा १२० भन्दा बढी भाषाहरू लेखिन्छ। यो लिपिनेपालरभारत गणतन्त्रको आधिकारिक लिपिहरूमध्ये एक हो। घरपालुवा टर्कीएउटा ठूलो घरपालुवाचराहो । योटर्कीको एक प्रजातीजंगली टर्कीको विकसित वंश हो... यो विकिपिडियानेपालीमा लेखिएको छ।अन्य भाषामा रहेका विकिपिडियाहरू तल सूचीबद्ध देख्न सक्नुहुन्छ।"
2,https://ne.wikipedia.org/wiki/%E0%A4%B5%E0%A4%BF%E0%A4%B6%E0%A5%87%E0%A4%B7:Search,यो पृष्ठले सधैँ सानो फन्ट साइज प्रयोग गर्दछ
3,https://ne.wikipedia.org/wiki/%E0%A4%AE%E0%A5%81%E0%A4%96%E0%A5%8D%E0%A4%AF_%E0%A4%AA%E0%A5%83%E0%A4%B7%E0%A5%8D%E0%A4%A0,"यो एक स्वतन्त्रविश्वकोशहो जसलाईसबैले सम्पादन गर्न सक्छन्।नेपाली भाषामा कुल३१,३५० लेखहरूसङ्ग्रहित छन्। देवनागरी लिपिअथवानागरी लिपिबायाँ देखि दायाँ सम्म लेखिनेअक्षरात्मक लिपिमा आधारित एकप्राचीन ब्राह्मी लिपिहो। यसको प्रयोगभारतीय उपमहाद्वीपमा हुने गर्दछ। यसको विकासप्राचीन भारतमा पहिलो देखि चौथो शताब्दीको बीचमा भएको थियो भने यसको प्रयोग सातौँ शताब्दी देखी हुँदै आएको छ। देवनागरी लिपिमा, ४७ वटावर्णहरू हुन्छन् जसमा १४ वटास्वरवर्णर ३३ वटाव्यञ्जनवर्णहुन्छन्। यो संसारमा सबैभन्दा बढी प्रयोग हुने लिपि मध्ये चौथो हो जहा यस लिपिमा १२० भन्दा बढी भाषाहरू लेखिन्छ। यो लिपिनेपालरभारत गणतन्त्रको आधिकारिक लिपिहरूमध्ये एक हो। घरपालुवा टर्कीएउटा ठूलो घरपालुवाचराहो । योटर्कीको एक प्रजातीजंगली टर्कीको विकसित वंश हो... यो विकिपिडियानेपालीमा लेखिएको छ।अन्य भाषामा रहेका विकिपिडियाहरू तल सूचीबद्ध देख्न सक्नुहुन्छ।"
4,https://ne.wikipedia.org/wiki/%E0%A4%B5%E0%A4%BE%E0%A4%B0%E0%A5%8D%E0%A4%A4%E0%A4%BE%E0%A4%B2%E0%A4%BE%E0%A4%AA:%E0%A4%AE%E0%A5%81%E0%A4%96%E0%A5%8D%E0%A4%AF_%E0%A4%AA%E0%A5%83%E0%A4%B7%E0%A5%8D%E0%A4%A0,लिवाली समूह बारे किरण ह्योंगो मिति विवरण रकम बाँकी
5,https://ne.wikipedia.org/wiki/%E0%A4%B5%E0%A4%BF%E0%A4%95%E0%A4%BF%E0%A4%AA%E0%A4%BF%E0%A4%A1%E0%A4%BF%E0%A4%AF%E0%A4%BE,विकिपिडिया लगायत विभिन्न विकी परियोजनाहरूलाई प्रवर्द्धन गर्न तथा तिनलाई सहयोग गर्नका साथै अन्य स्रोत सामग्रीहरूको व्यवस्था गर्नका लागिविकिमिडिया फाउन्डेसननामको संस्था कार्यरत रहेको छ। त्यसको नेपाली संस्करणको रूपमाविकिमिडिया नेपालनामक संस्था स्थापनाको लागि प्रस्ताव गरी प्रक्रिया अघि बढाइएको थियो। यसलेनेपालमा बोलिने प्रमुख भाषाका विकिहरूको प्रवर्द्धन तथा विकासका लागि सहयोग गर्दछ। यस संस्थाले कुनैपनि लेखमानेपालसम्बन्धित विवाद आइपरेमा त्यसको निवारण गर्ने कार्य समेत गर्दछ।
6,https://ne.wikipedia.org/wiki/%E0%A4%B5%E0%A4%BF%E0%A4%95%E0%A4%BF%E0%A4%AA%E0%A4%BF%E0%A4%A1%E0%A4%BF%E0%A4%AF%E0%A4%BE:%E0%A4%B8%E0%A5%8D%E0%A4%B5%E0%A4%B6%E0%A4%BF%E0%A4%95%E0%A5%8D%E0%A4%B7%E0%A4%BE,"सम्पादनकसरी सम्पादन गर्ने रूपरंगविकिपिडियाको रूपरंग सन्दर्भ र स्रोतसन्दर्भ र स्रोत कसरी थप्ने वार्तालाप पृष्ठविकिपिडियाको वार्तालाप पृष्ठ ध्यान राख्नुहोस्विकिपिडियामा सम्पादन गर्दा केहि कुराहरूलाई सदैव ध्यानमा राख्नुहोस। पंजीकरणपंजीकरण कसरी गर्ने विकिपिडियाधेरै सदस्यहरूका सहयोगले बनेको एक स्वतन्त्र ज्ञानकोष हो जसमातपाईंआफ्नो योगदान सजिलैसित दिन सक्नुहुन्छ । यो पाठले तपाईंलाई विकिपिडिया योगदानकर्ता बन्नमा सहायता गर्नेछ । आउनुहोस, सम्पादनका बारेमा सिकौं !"
7,https://ne.wikipedia.org/wiki/%E0%A4%A8%E0%A5%87%E0%A4%AA%E0%A4%BE%E0%A4%B2%E0%A5%80_%E0%A4%AD%E0%A4%BE%E0%A4%B7%E0%A4%BE,"नेपाली भाषाएकआर्य भाषाहो जुनदक्षिण एसियाकोहिमालय क्षेत्रमा बोलिन्छ। योनेपालको आधिकारिक, रसबैभन्दा व्यापक रूपमा बोलिने भाषाहो, जहाँ यसलेसम्पर्क भाषाको रूपमा पनि काम गर्दछ।भारतीय राज्यसिक्किमरपश्चिम बङ्गालकोगोर्खाल्यान्ड क्षेत्रीय प्रशासनमा नेपाली भाषाको आधिकारिक हैसियत छ रअरुणाचल प्रदेश,असम,हिमाचल प्रदेश,मणिपुर,मेघालय,मिजोरमरउत्तराखण्डराज्यहरूमा पनि नेपाली बोल्नेहरूको उल्लेखनीय सङ्ख्या छ। नेपाली भाषाभुटानको लगभगएक चौथाई जनसङ्ख्या द्वारा बोलिन्छ।म्यानमारमा यो भाषाबर्मेली नेपालीले बोल्छन्।मध्यपूर्व,ब्रुनाई,अस्ट्रेलियार विश्वभरका विदेशमा रहेका नेपालीले पनि यो भाषा प्रयोग गर्छन्। नेपाली लगभग १.६ करोडमातृभाषीहरू र अर्को ९ लाख मानिसलेदोस्रो भाषाको रूपमा बोल्छन्। मौखिक नेपालीमा ३० वटा व्यञ्जन छन्। स्पर्शसङ्घर्षी नेपाली भाषादेवनागरी लिपिमा लेखिन्छ। नेपाली भाषाका विभिन्न भाषिकाहरू छन्। ती मध्ये केही यस प्रकारका छन्। विभिन्न दृष्टिकोणहरूबाट भाषामा गरिनेसुधारवा भाषाको नभई योजनाबद्ध ढङ्गले गरिने परिवर्तन नेपाली भाषामा पनि भएको छ। धारा १. सबै व्यक्तिहरू जन्मजात स्वतन्त्र हुन् ती सबैको समान अधिकार र महत्व छ। निजहरूमा विचार शक्ति र सद्विचार भएकोले निजहरूले आपसमा भातृत्वको भावनाबाट व्यवहार गर्नु पर्छ।"
8,https://ne.wikipedia.org/wiki/%E0%A4%B5%E0%A4%BF%E0%A4%B6%E0%A5%87%E0%A4%B7:Statistics,यो विकिपिडियानेपालीमा लेखिएको छ।अन्य भाषामा रहेका विकिपिडियाहरू तल सूचीबद्ध देख्न सक्नुहुन्छ।
9,https://ne.wikipedia.org/wiki/%E0%A4%A6%E0%A5%87%E0%A4%B5%E0%A4%A8%E0%A4%BE%E0%A4%97%E0%A4%B0%E0%A5%80_%E0%A4%B2%E0%A4%BF%E0%A4%AA%E0%A4%BF,"देवनागरीअथवानागरीबायाँ देखि दायाँ सम्म लेखिनेअक्षरात्मक लिपिमा आधारित एकप्राचीन ब्राह्मी लिपिहो। यसको प्रयोगभारतीय उपमहाद्वीपमा हुने गर्दछ। यसको विकासप्राचीन भारतमा पहिलो देखि चौथो शताब्दीको बीचमा भएको थियो भने यसको प्रयोग सातौँ शताब्दीदेखि हुँदै आएको छ। देवनागरी लिपिमा, ४७ वटावर्णहरू हुन्छन् जसमा १४ वटास्वरवर्णर ३३ वटाव्यञ्जनवर्णहुन्छन्। यो संसारमा सबैभन्दा बढी प्रयोग हुने लिपि मध्ये चौथो हो जहाँ यस लिपिमा १२० भन्दा बढी भाषाहरू लेखिन्छ। यो लिपिनेपालरभारत गणतन्त्रको आधिकारिक लिपिहरूमध्ये एक हो। मराठी,पाली,संस्कृत,हिन्दी,नेपाली,शेर्पा,प्राकृत,अपभ्रंश,अवधी,भोजपुरी,ब्रज भाषा,छत्तीसगढी,हरियाणवी,मगही,नागपुरी,राजस्थानी,भिली,डोगरी,मैथिली,कश्मीरी,कोङ्कणी,सिन्धी,बोडो,नेवारी,पन्जाबी,मुन्डारीरसन्थालीलगायतका भाषाहरूले देवनागरी लिपि एकमात्र लिपि वा दोस्रो लिपिको रूपमा प्रयोग गर्ने गर्दछन्। देवनागरी लिपिनन्दिनागरी लिपिसँग पनि मिल्दोजुल्दो रहेको छ जुनदक्षिण भारतका विभिन्न प्राचीनपाण्डुलिपिहरूमा भेट्ने गरिन्छ। यो विभिन्नदक्षिणपूर्वी एसियाली लिपिहरूसँग पनि सम्बन्धित छ। देवनागरी शब्दको उत्पत्ति प्राचीन शब्द नागरीबाट भएको थियो। फिसरका अनुसार, नागरी शब्दको सुरुवात ६३३ ईशापूर्वमा उत्तरपश्चिम भारतमा भएको थियो भने यो ११औँ शताब्दीमा, पूर्णरूपमा विकसित भएको थियो। यो संस्कृत साहित्यमा प्रयोग हुने प्रमुख लिपि समेत हो। देवनागरीभारत,नेपाल,तिब्बतरदक्षिणपूर्वी एसियाका लिपिहरूकोब्राह्मी परिवारको एक भाग हो। यो तेस्रो शताब्दी ईसापूर्वकोब्राह्मी लिपिको वंशज हो। योनागरी लिपिमा विकसित भएको थियो जसको फलस्वरूप देवनागरी रनन्दनगरीको जन्म भएको थियो। पछिल्लो लाई पहिलेमा गाभिनु पूर्व दुवैसंस्कृतलेख्न प्रयोग गरिन्थ्यो। संस्कृत,मराठी,हिन्दीर यसका उपभाषाहरू रकोङ्कणीलेख्नको लागि यसको परिणामी लिपि भारत भर व्यापक रूपमा अपनाइन्छ। प्राचीन भारतको विकासशील संस्कृत नागरी लिपिलाई प्रमाणित गर्ने केही प्रारम्भिक उपचित्रात्मक प्रमाणहरूको रूपमा शिलालेखहरू पहिलो देखि चौथो शताब्दीको बीचमागुजरातमा भेटिएको थियो। नागरी नामक लिपिका विविधता, देवनागरीको निकट, सर्वप्रथम संस्कृतमा प्रथम शताब्दी ईसापूर्वमा रुद्रदमन शिलालेखहरूबाट प्रमाणित गरिएको थियो जबकि देवनागरीको आधुनिक मानक रूप लगभग १००० ईसापूर्व देखि प्रयोग गर्न थालिएको थियो। तिब्बती साम्राज्यकोस्रोङ्चन गम्पोको शासनमा थन्मिथोन्मि सम्भोटलाई नेपाली राजकुमारीभृकुटीसँग विवाह वार्ता सुरु गर्न रतिब्बती भाषाको लागि उपयुक्तलेखन प्रणालीखोज्न नेपाल पठाइएको थियो। यसरी उनले कश्मीरमा प्रयोग गरिने नागरीमा आधारिततिब्बती लिपिको आविष्कार गरेका थिएँ। उनले संस्कृतमा नभएको ध्वनीका लागि ६ वटा नयाँ अक्षर थपेका थिएँ। इन्डोनेसिया,भियतनाम,जापानरपूर्वी एसियाका अन्य भागहरूमा ७औँ देखि १०औँ शताब्दीको बीचमासिद्धमजस्ता नागरीसँग नजिकको सम्बन्ध भएका अन्य लिपिहरू प्रयोगमा रहेका थिएँ। देवनागरीमा १२स्वरर ३४व्यञ्जनछन्। शून्य या एक या अधिक व्यञ्जनहरू र एक स्वरको मेलबाट एकअक्षरबन्दछ।"
10,https://ne.wikipedia.org/wiki/%E0%A4%85%E0%A4%95%E0%A5%8D%E0%A4%B7%E0%A4%B0%E0%A4%BE%E0%A4%A4%E0%A5%8D%E0%A4%AE%E0%A4%95_%E0%A4%B2%E0%A4%BF%E0%A4%AA%E0%A4%BF,विस्तार विस्तार
11,https://ne.wikipedia.org/wiki/%E0%A4%AC%E0%A5%8D%E0%A4%B0%E0%A4%BE%E0%A4%B9%E0%A5%8D%E0%A4%AE%E0%A5%80_%E0%A4%B2%E0%A4%BF%E0%A4%AA%E0%A4%BF,"नेपालमा प्रचलित देवनागरी लिपिको जननी ब्राह्मी लिपि हो। नेपालमा ई.पू. २०० वर्षअघिको लुम्बिनीको अशोक स्तम्भ र कपिलवस्तुको निग्लिहवामा रहेको पुष्पीकरणको अशोकस्तम्भ अभिलेखमा उल्लेखित लिपि ब्राह्मी लिपि हो। नेपालको लागि यो सबैभन्दा प्राचीन, ऐतिहासिक सामग्री र लिपि भएको छ। यसरी नेपालको यो स्तम्भ र लिपिको ऐतिहासिक महत्त्व छ।"
12,https://ne.wikipedia.org/wiki/%E0%A4%B5%E0%A4%B0%E0%A5%8D%E0%A4%A3,एकै स्वर हुने ध्वनिलाईवर्णभनिन्छ। यदि ध्वनिमा स्वर छैन भने वर्ण मानिन्दैन। वर्ण २ प्रकारको हुन्छ। लघुवगुरु वर्ण
13,https://ne.wikipedia.org/wiki/%E0%A4%B5%E0%A5%8D%E0%A4%AF%E0%A4%9E%E0%A5%8D%E0%A4%9C%E0%A4%A8%E0%A4%B5%E0%A4%B0%E0%A5%8D%E0%A4%A3,"क, ख, ग, .... य, र, ल, व, श, ष, स,हव्यञ्जनवर्ण हुन्। सामान्य रूपमा क, ख, ग.... लाई व्यञ्जनवर्ण भनिएपनि वास्तविक व्यञ्जनवर्ण चाहिँ क्, ख्, ग्.... आदि हुन्। उच्चारण गर्न सजिलो होस् भनेरवर्णमालामा तिनमा अ स्वर जोडेर राखिएको हुन्छ।"
14,https://ne.wikipedia.org/wiki/%E0%A4%A8%E0%A5%87%E0%A4%AA%E0%A4%BE%E0%A4%B2,२०२१
15,https://ne.wikipedia.org/wiki/%E0%A4%AD%E0%A4%BE%E0%A4%B0%E0%A4%A4%E0%A4%95%E0%A4%BE_%E0%A4%86%E0%A4%A7%E0%A4%BF%E0%A4%95%E0%A4%BE%E0%A4%B0%E0%A4%BF%E0%A4%95_%E0%A4%B2%E0%A4%BF%E0%A4%AA%E0%A4%BF%E0%A4%B9%E0%A4%B0%E0%A5%82,"भारत गणतन्त्रको२२ आधिकारिक भाषाहरूको आधिकारिक लिपिहरूमाअक्षरात्मक लिपि,वर्णात्मक लिपिरअब्जाद लिपिहरूसमावेश छन्।"
16,https://ne.wikipedia.org/wiki/%E0%A4%AE%E0%A4%B0%E0%A4%BE%E0%A4%A0%E0%A5%80_%E0%A4%AD%E0%A4%BE%E0%A4%B7%E0%A4%BE,"मराठीएकआर्य भाषाहो जुन मुख्यतया भारतीय राज्यमहाराष्ट्रमा मराठी मानिसहरूद्वारा बोलिने गरिन्छ। यो महाराष्ट्रको आधिकारिक भाषा हो, रगोवा राज्यमा अतिरिक्त भाषा हो। योभारतको २२ अनुसूचित भाषाहरू मध्ये एक हो। मराठी संसारमा सबैभन्दा धेरै मातृभाषीहरू भएको भाषाहरूको सूचीमा १३औँ स्थानमा छ।हिन्दीरबङ्गालीपछि,भारतमा मातृभाषीहरूको तेस्रो ठुलो सङ्ख्यामामराठी भाषा छ। यस भाषामा सबै आधुनिक भारतीय भाषाहरूको सबैभन्दा पुरानो साहित्यहरू छन्। मराठीका प्रमुख बोलीहरू मानक मराठी रवऱ्हाडी बोलीहुन्। मराठी भाषादेवनागरीलगायतबालबोध, रमोडीलिपिमा पनि लेखिन्छ।"
17,https://ne.wikipedia.org/wiki/%E0%A4%B8%E0%A4%82%E0%A4%B8%E0%A5%8D%E0%A4%95%E0%A5%83%E0%A4%A4,"इरानेली रयुनानी भाषाका परिवारका अधिकांश पुरातन कविताहरू,पुरानो अवेस्तानका गाथाहरू रहोमरका इलियाड विशेष गरी ऋग्वेदका भजनहरूसँग मिल्दोजुल्दो छन्। ऋग्वेदलाई असाधारण जटिलता, कठोरता र निष्ठाको स्मरण गर्ने विधिद्वारा मौखिक रूपमा प्रसारित गरिएको हुनाले, विभिन्न पाठहरू बिना एकल पाठको रूपमा, यसको संरक्षित पुरातन वाक्य रचना र आकृति विज्ञान सामान्य पूर्वज भाषाआदिम भारोपेली भाषाको पुनर्निर्माणमा महत्त्वपूर्ण महत्वको छ। संस्कृत विभिन्नब्राह्मी लिपिहरूमा लेखिएको छ, र आधुनिक युगमा सामान्यतयादेवनागरीमा लेखिएको छ। भारतको सांस्कृतिक सम्पदामा संस्कृतको स्थिति, कार्य र स्थानलाईभारतको आठौँ अनुसूची भाषाहरूको संविधानमा समावेश गरेर मान्यता दिइएको छ। तथापि, पुनरुत्थानको प्रयासको बावजुद, भारतमा संस्कृतको पहिलो भाषा बोल्नेहरू छैनन्। भारतका हालैका प्रत्येक दसवर्षीय जनगणनामा हजारौँ नागरिकले संस्कृतलाई आफ्नो मातृभाषाको रूपमा लिखित गरेका छन्, तर यो सङ्ख्याले भाषाको प्रतिष्ठासँग जोडिने इच्छालाई सङ्केत गर्दछ। परापूर्वकालदेखि नै परम्परागत गुरुकुलमा संस्कृत भाषाको पढाइ हुँदै आएको छ। यो आज माध्यमिक विद्यालय स्तरमा व्यापक रूपमा सिकाइएको छ। सबैभन्दा पुरानो संस्कृत कलेज बनारस संस्कृत कलेज हो जसको स्थापना सन् १७९१ माइस्ट इन्डिया कम्पनीको शासनकालमा भएको थियो। हिन्दु र बौद्ध भजन र मन्त्रहरूमा संस्कृतलाई औपचारिक र कर्मकाण्डी भाषाको रूपमा व्यापक रूपमा प्रयोग गरिएको छ।"
18,https://ne.wikipedia.org/wiki/%E0%A4%B9%E0%A4%BF%E0%A4%A8%E0%A5%8D%E0%A4%A6%E0%A5%80_%E0%A4%AD%E0%A4%BE%E0%A4%B7%E0%A4%BE,"आधुनिक मानक हिन्दी, सामान्यतयाहिन्दीभनेर चिनिन्छ, एकआर्य भाषाहो जुन मुख्य रूपमाउत्तरी भारतमा बोलिन्छ, र यसले उत्तरी, मध्य, पूर्वी र पश्चिमीभारतका भागहरू समेट्नेहिन्दी इलाकाक्षेत्रकोसम्पर्क भाषाको रूपमा सेवा गर्दछ। हिन्दीलाईहिन्दुस्तानी भाषाको मानकीकृत रसंस्कृतीकृत दर्ताको रूपमा वर्णन गरिएको छ, जुन आफैँ मुख्य रूपमादिल्लीकोकौरवी बोलीर उत्तर भारतको छिमेकी क्षेत्रहरूमा आधारित छ।देवनागरी लिपिमा लेखिएको हिन्दी,अङ्ग्रेजीसँगैभारत सरकारको दुईआधिकारिक भाषाहरूमध्ये एक हो। यो भाषा९ राज्य र तीन केन्द्र शासित प्रदेशहरूमा आधिकारिक भाषाहो र अन्य तीन राज्यहरूमा थप आधिकारिक भाषा हो। हिन्दी पनिगणतन्त्र भारतको २२ अनुसूचित भाषाहरूमध्ये एक हो। लिपि र औपचारिक शब्दावली बाहेक, मानक हिन्दी मानकउर्दुको साथ पारस्परिक रूपमा सुगम छ, हिन्दुस्तानीको अर्को मान्यता प्राप्त दर्ताको रूपमा दुबैको साझा बोलचाल आधार हो।चिनियाँ,स्पेनीर अङ्ग्रेजी पछि हिन्दी संसारमा चौथो सबैभन्दा धेरै बोलिने पहिलो भाषा हो। यदि पारस्परिक रूपमा बुझ्न सकिने उर्दुसँग सँगै गणना गरियो भने, यो मन्डारिन र अङ्ग्रेजी पछि संसारमा तेस्रो सबैभन्दा धेरै बोलिने भाषा हो। धारा १. सबै व्यक्तिहरू जन्मजात स्वतन्त्र हुन् ती सबैको समान अधिकार र महत्व छ। निजहरूमा विचार शक्ति र सद्विचार भएकोले निजहरूले आपसमा भातृत्वको भावनाबाट व्यवहार गर्नु पर्छ।"
19,https://ne.wikipedia.org/wiki/%E0%A4%85%E0%A4%B5%E0%A4%A7%E0%A5%80_%E0%A4%AD%E0%A4%BE%E0%A4%B7%E0%A4%BE,"अंडकोस प्रति प्रति निज रूपा।देखेउँ जिनस अनेक अनूपा॥अवधपुरी प्रति भुअन निनारी।सरजू भिन्न भिन्न नर नारी॥ अण्डकोस प्रति निज रूपा।आउनुहोस् हामी धेरै अद्वितीय प्रजातिहरू हेरौं।अवधपुरी प्रति भुवन निनारी।सरजु, विभिन्न पुरुष र महिला। सिन्धु तीर सुन्दर भूमि हो।उत्सुक, माथि र तल हाम फाल्नुहोस्।रघुवीर बारम्बार।तारकेउ हावाको तनाव बल भारी छ। म तिमीलाई मेरो महान सहर, सधैँ सुन्दर जैसको बारेमा बताउँछु। दिनरात होम जप गर्दै यो संसार पार गरे।"
20,https://ne.wikipedia.org/wiki/%E0%A4%AD%E0%A5%8B%E0%A4%9C%E0%A4%AA%E0%A5%81%E0%A4%B0%E0%A5%80_%E0%A4%AD%E0%A4%BE%E0%A4%B7%E0%A4%BE,"भोजपुरी भाषाएकभारोपेली भाषा परिवारअन्तर्गतको बिहारी भाषाहरूमध्ये एक हो। यो भाषानेपालकोतराई,भारतकोबिहाररउत्तर प्रदेशराज्यमा बोलिन्छ। यो भाषाकैथीलिपिमा लेखिन्छ। यो भाषालाई नेपालमा राष्ट्रिय भाषाको रूपमा नेपालको संविधानले मान्यता प्रदान गरेको छ तर भारतमा भने यस प्रकारको मान्यता प्रदान गरिएको छैन।"
21,https://ne.wikipedia.org/wiki/%E0%A4%AC%E0%A5%8D%E0%A4%B0%E0%A4%9C_%E0%A4%AD%E0%A4%BE%E0%A4%B7%E0%A4%BE,"ब्रज भाषामा  नैं प्रारम्भमाकाव्यको रचना भएको छ। सबै भक्त कविहरूले आफ्नो रचनाहरू यसै भाषामा लेखेक छन् जसमा प्रमुख हुनसूरदास,रहीम,रसखान,केशव,घनानंद,बिहारी,  इत्यादि। हिन्दी चलचित्रहरूका गीतहरूमा  पनि ब्रजका शब्दहरूको  प्रमुखतादेखि प्रयोग गरिएको छ। गङ्गाका पार यसको  प्रचारबदायूँ,बरेलीहुँदैनैनीतालको तराई,उत्तराखण्डकोउधम सिंह नगरजिल्लाहरूसम्म चलिएको छ । उत्तर प्रदेशका अतिरिक्त यस  भाषाको  प्रचारराजस्थानका यी जिल्लाहरूमा  पनि छ जनपदीय जीवनका प्रभावदेखि ब्रज भाषाका धेरै रूप हामीलाई दृष्टिगोचर हुन्छन्। परन्तु केहीदेखि अन्तरका साथ उनमा एकरूपताको स्पष्ट झलक हामीलाई हेर्नेलाई मिल्दछ। उपर्युक्त उदाहरणहरूदेखि स्पष्ट छ कि ब्रज भाषाका सामान्य भविष्यत् काल रूपमा  क्रिया कर्ताका लिंगका अनुसार परिवर्तित हुन्छ, जब कि कन्नौजीमा  एक रूप रहन्छ।"
22,https://ne.wikipedia.org/wiki/%E0%A4%AE%E0%A4%97%E0%A4%B9%E0%A5%80_%E0%A4%AD%E0%A4%BE%E0%A4%B7%E0%A4%BE,"मगधीका पूर्वज, मगधी प्राकृत, भारतीय उपमहाद्वीपमा गठित। यो क्षेत्र मगधको प्राचीन साम्राज्यको एउटा हिस्सा थियो, जसको मूलगङ्गा नदीको दक्षिणमा रहेको बिहारको क्षेत्र थियो। हिन्दी भाषालाई प्रसिद्ध बनाउने पहिलो सफलता बिहारमा १८८१ मा भएको थियो, जब हिन्दीले उर्दुलाई प्रान्तको आधिकारिक भाषाको रूपमा विस्थापित गरिदियो। स्वतन्त्रता पछि, बिहार राजभाषा अधिनियम, १९५० को माध्यमले हिन्दीलाई एकमात्र आधिकारिक दर्जा दिइएको थियो।"
23,https://ne.wikipedia.org/wiki/%E0%A4%A8%E0%A4%BE%E0%A4%97%E0%A4%AA%E0%A5%81%E0%A4%B0%E0%A5%80_%E0%A4%AD%E0%A4%BE%E0%A4%B7%E0%A4%BE,"यसलाई असमको चिया बारी क्षेत्रमा बगनिया भासा भनिन्छ जुनअसमिया भाषाबाट प्रभावित छ। सन् २०११ को जनगणना अनुसार, यो ५.१ मिलियन मानिसहरूले पहिलो भाषाको रूपमा बोल्छन्। सन् २००७ मा गरिएको अध्ययनको आधारमा लगभग ७ मिलियनले यसलाईदोस्रो भाषाको रूपमा बोल्छन्।"
24,https://ne.wikipedia.org/wiki/%E0%A4%B0%E0%A4%BE%E0%A4%9C%E0%A4%B8%E0%A5%8D%E0%A4%A5%E0%A4%BE%E0%A4%A8%E0%A5%80_%E0%A4%AD%E0%A4%BE%E0%A4%B7%E0%A4%BE,"राजस्थानी भाषाहरूमुख्यतयाराजस्थान राज्यरभारतकोहरियाणा,गुजरातरमध्य प्रदेशका छेउछाउका क्षेत्रहरूमा बोलिनेआर्य भाषाहरू र बोलीहरूको समूह हो।पाकिस्तानकापन्जाबरसिन्ध प्रान्तहरूमा पनि वक्ताहरू छन्। राजस्थानीनेपालमा पनि थोरै मात्रामा बोलिन्छ जहाँ नेपालकोएघारौँ राष्ट्रिय जनगणना, २०६८अनुसार २५,३९४ मानिसहरूले बोल्छन्। राजस्थानी शब्द पनि प्रायःमारवाडीमा आधारित साहित्यिक भाषालाई जनाउन प्रयोग गरिन्छ, जुन राजस्थान राज्यको लागि मानक भाषाको रूपमा प्रचारित भइरहेको छ। अधिकांश राजस्थानी भाषाहरू मुख्यतयाराजस्थान राज्यमा बोलिन्छन् तरगुजरात,हरियाणारपन्जाबमा पनि बोलिन्छन्। राजस्थानी भाषाहरू पनि पाकिस्तानको पन्जाब प्रान्तकोबहावलपुररमुल्तानक्षेत्रहरूमा र सिन्धको थारपार्कर जिल्लामा बोलिन्छन्। यो क्रमशः बहावलपुर र मुल्तान क्षेत्रहरूमा रियास्ती र सराइकीसँग विलय हुन्छ।"
25,https://ne.wikipedia.org/wiki/%E0%A4%AD%E0%A4%BF%E0%A4%B2%E0%A5%80_%E0%A4%AD%E0%A4%BE%E0%A4%B7%E0%A4%BE,"भीली भाषाको आंशिक नमूना
वागडी र बरेली भीली भाषाका प्रमुख बोलिहरु हुन्। भीली शब्द द्रविड मूलको विलासको हो जसको अर्थ हुन्छ धनुष मानिसहरूको जिक्र।"
26,https://ne.wikipedia.org/wiki/%E0%A4%A1%E0%A5%8B%E0%A4%97%E0%A4%B0%E0%A5%80_%E0%A4%AD%E0%A4%BE%E0%A4%B7%E0%A4%BE,"डोगरीभारतकाजम्मू र कश्मीरप्रान्तमा  बोलिने एउटा भाषा हो। वर्ष २००४मा  यसलाई भारतीय संविधानकोआठौँ अनुसूचिमा  सामेल गरिएको हो। पश्चिमी पहाडी बोलीहरूका परिवारमा, मध्यवर्ती पहाडी पट्टीको जनभाषाहरूमा, डोगरी, चंबयाली, मडवाली, मंडयाली, बिलासपुरी, बागडी आदि उल्लेखनीय छन्। डा० सिद्धेश्वर वर्माले पनि डोगरीको गणना भारतको प्रमुख सात सीमान्त भाषाहरूमा को हो। टाएरी लिपि आज पनि डुग्गरका देहाती समाजमा  बहीखातहरूमा  प्रयुक्त हुन्छ। यसको  एउटा विकसित रूप पनि छ जसमा  धेरै ग्रंथहरूको  प्रकाशन भएको हो। कश्मीर नरेश महाराज रणवीर सिंह ने, आजभन्दा लगभग एउटा सौ वर्ष पूर्व, आफ्नो राज्यकालमा, डोगरी लिपिमा, नागरीका अनुरूप, सुधार गर्ने  प्रयत्न गरेको थियो। मात्रा, चिह्नहरूका प्रयोगलाई अपनाइएको तथा पहिलो पल्ट नयाँ टाएरी लिपिमा  डोगरी भाषाका गंथहरूका मुद्रणको समुचित व्यवस्थाका लागि जम्मूमा  शासनको तर्फदेखि रणवीर प्रेसको स्थापना गरिएको हो। पुरान डोगरी वर्णमालाको  यो संशोधित रूप जनव्यवहारमा  लोकप्रिय हुन सकेन।"
27,https://ne.wikipedia.org/wiki/%E0%A4%AE%E0%A5%88%E0%A4%A5%E0%A4%BF%E0%A4%B2%E0%A5%80_%E0%A4%AD%E0%A4%BE%E0%A4%B7%E0%A4%BE,"नेपाल भारतीय संविधानको आठौँ अनुसूचीआधिकारिक भाषा आयोगभारतका शास्त्रीय भाषाहरूभारतका वक्ता अनुसार भाषाहरूको सूची यो भाषा मुख्यतयादेवनागरीमा लेखिएको छ, तर ऐतिहासिकतिरहुतारकैथी लिपिहरूले आजसम्म केही प्रयोग कायम राखेका छन्। सन् २००३ मा, मैथिलीलाईभारतीय संविधानको आठौँ अनुसूचीमा एक मान्यता प्राप्तभारतीय भाषाको रूपमा समावेश गरिएको थियो, जसले यसलाई भारतमा शिक्षा, सरकार र अन्य आधिकारिक सन्दर्भहरूमा प्रयोग गर्न अनुमति दिन्छ। भारतीय लोक सेवा आयोग परीक्षामा मैथिली भाषालाई ऐच्छिक प्रश्नपत्रको रूपमा समावेश गरिएको छ। मार्च २०१८ मा, मैथिलीले भारतकोझारखण्डराज्यमा दोस्रो आधिकारिक भाषाको दर्जा प्राप्त गरेको थियो। नेपाल भाषा आयोगले मैथिलीलाईकोशी प्रदेशरमधेश प्रदेशमा सरकारी कामकाजको प्रशासनिक भाषा बनाउन सिफारिस गरेको छ। मैथिली बोलीहरूमा धेरै भिन्न छ। मैथिलीको मानक रूप केन्द्रीय मैथिली हो जुन मुख्य तयादरभङ्गा,मधुबनी जिल्लार बिहारकोसहरसा जिल्लामा बोलिने गरिन्छ। धारा १. सबै व्यक्तिहरू जन्मजात स्वतन्त्र हुन् ती सबैको समान अधिकार र महत्व छ। निजहरूमा विचार शक्ति र सद्विचार भएकोले निजहरूले आपसमा भातृत्वको भावनाबाट व्यवहार गर्नु पर्छ।"
28,https://ne.wikipedia.org/wiki/%E0%A4%95%E0%A4%B6%E0%A5%8D%E0%A4%AE%E0%A5%80%E0%A4%B0%E0%A5%80_%E0%A4%AD%E0%A4%BE%E0%A4%B7%E0%A4%BE,कश्मीरी भाषाभारतको २२ आधिकारिक भाषामध्यको एक भाषा हो। यसका साथै योजम्मू र कश्मीरमाप्रयोग हुने ८ आधिकारिक भाषा मध्यको एक भाषा हो। सन् २००८ को नोबेम्बर पश्चात कश्मीरी भाषालाई जम्मू र कश्मीर क्षेत्रका सबै सरकारी विद्यालयमा अनिवार्य विषयको रूपमा पढाइने गरिन्छ।
29,https://ne.wikipedia.org/wiki/%E0%A4%95%E0%A5%8B%E0%A4%99%E0%A5%8D%E0%A4%95%E0%A4%A3%E0%A5%80_%E0%A4%AD%E0%A4%BE%E0%A4%B7%E0%A4%BE,शब्दको अन्त्यमा प्रयोग गर्दा अवग्रहले श्वा विलोपन नहुने अवस्थालाई सङ्केत गर्छ।
30,https://ne.wikipedia.org/wiki/%E0%A4%B8%E0%A4%BF%E0%A4%A8%E0%A5%8D%E0%A4%A7%E0%A5%80_%E0%A4%AD%E0%A4%BE%E0%A4%B7%E0%A4%BE,"सिन्धीको १०औँ शताब्दीदेखि प्रमाणित इतिहास छ। सन् ७१२ मा उमय्यद विजय पछिफारसीरअरबी भाषाबाट प्रभाव पार्ने पहिलो आर्य भाषाहरूमध्ये सिन्धी पनि एक थियो। मध्यकालीन कालमा सिन्धी साहित्यको विकास भएको थियो, जसमध्ये सबैभन्दा प्रसिद्ध १८औँ शताब्दीका शाह अब्दुल लतिफ भिट्टाईको धार्मिक र रहस्यवादी कविता हो। सन् १८४३ मा ब्रिटिस शासनको अधीनमा आधुनिक सिन्धीलाई बढावा दिइयो, जसले गर्दा १९४७ पछि स्वतन्त्र पाकिस्तानमा भाषाको वर्तमान स्थिति भयो। पाकिस्तानमा सन् २०१७ को जनगणनाअनुसार सिन्धी भाषा ३ करोड २ लाख ६० हजार जनसङ्ख्याको पहिलो भाषा हो जुन देशको कुल जनसङ्ख्याको १४.६ प्रतिशत हो। तीमध्ये २ करोड ९५ लाख सिन्धमा पाइन्छन्, जहाँ यो प्रान्तको कुल जनसङ्ख्याको ६२ प्रतिशत हिस्सा ओगटेको छ।"
31,https://ne.wikipedia.org/wiki/%E0%A4%AC%E0%A5%8B%E0%A4%A1%E0%A5%8B_%E0%A4%AD%E0%A4%BE%E0%A4%B7%E0%A4%BE,भारतीय संविधानको आठौँ अनुसूचीआधिकारिक भाषा आयोगभारतका शास्त्रीय भाषाहरूभारतका वक्ता अनुसार भाषाहरूको सूची
32,https://ne.wikipedia.org/wiki/%E0%A4%A8%E0%A5%87%E0%A4%B5%E0%A4%BE%E0%A4%B0%E0%A5%80_%E0%A4%AD%E0%A4%BE%E0%A4%B7%E0%A4%BE,"श्लोकमाशिवको वर्णन र उनको आसनको रूपमा बाघको छालाको प्रयोगको बारेमा वर्णन गरिएको हो। सक्रियताले जनसभा र विरोध जुलुससम्म पुस्तक र पत्रिका प्रकाशनको रूप लिएको छ ।  साहित्यकार र भाषाकर्मीहरू देशबाट जेल वा निष्कासनमा परेका छन्, विदेशमा आन्दोलन जारी राखेका छन् ।  भाषिक अधिकार को लागि संघर्ष कहिलेकाहीं नेपालमा धार्मिक र राजनीतिक स्वतन्त्रताको आन्दोलनसँग जोडिएको छ। कमलको बिरुवाको पातमा पानीको थोपा पर्दा मोती जस्तो देखिन्छ, त्यसरी नै असल मानिसको संगतले मूर्खले पनि सुधार गर्न सक्छ भनी श्लोकमा भनिएको छ। सन् १९४० को दशकमाकाठमाडौं उपत्यकाबाहिरहेटौँडाकागणेशलाल श्रेष्ठजस्ता कविहरूले गीतहरू रचेका थिए र चाडपर्वहरूमा प्रस्तुति दिएका थिए। नेवारीमा लेखिएका शिलालेखहरूनेपाल मण्डलर बाहिर पाइन्छ। नाटकहरू परम्परागत रूपमा खुला दबु मा प्रदर्शन गरिन्छ।  अधिकांश परम्परागत नाटकहरू देवता र दानवहरूसँग सम्बन्धित कथाहरू हुन्।  मुखौटे पात्र र संगीत यस्ता नाटकका केन्द्रिय तत्व हुन् ।  तिनीहरूमध्ये धेरैजसो अन्तरालहरूमा गाइएका गीतहरूको सहायताले वर्णन गरिएको छ।  यस्ता नाटकहरू धेरै अवस्थामा नृत्यसँग मिल्दोजुल्दो हुन्छन्।  धेरैजसो नाटकहरूको विषयवस्तु नैतिकताको साथ सामाजिक कल्याणको सिर्जना हो जुन दुष्टको उदय, अशान्ति र पतनलाई चित्रण गर्दछ।  नेपाल संवत् पात्रोमा विशिष्ट नाटकहरूको प्रदर्शनका लागि निश्चित मितिहरू छन्।  धेरैजसो नाटक विशिष्ट गुठीहरूद्वारा प्रस्तुत हुन्छन्। कविता लेखन मध्ययुगीन मल्ल अभिजात वर्गको उत्कृष्ट भाग हो।  धेरै राजाहरू प्रसिद्ध कविहरू थिए।  सिद्धिदास महाजु र चित्तधर हृदय भाषाका दुई महाकवि हुन् । अन्य क्षेत्रको तुलनामा नेवारमा गद्य कथा साहित्यको अपेक्षाकृत नयाँ क्षेत्र हो।  मध्ययुगीन युगसम्म धेरै कथाहरू कविता रूपमा लेखिएका थिए।  फलस्वरूप, लगभग सबै गद्य कथाहरू आधुनिक नेवार युगका हुन्।  उपन्यासभन्दा नेवारमा लघुकथा सङ्ग्रह बढी लोकप्रिय छन् । नेवारमा मौखिक कथा सुनाउने कला धेरै पुरानो छ।  त्यहाँ विभिन्न पौराणिक र सामाजिक कथाहरू छन् जसले काठमाडौं उपत्यकाको आदर्श स्थापित गर्न मद्दत गरेको छ।  काठमाडौं उपत्यकाको उत्पत्तिदेखि उपत्यकाका मन्दिरहरू र महत्त्वपूर्ण स्मारकहरूसम्मका कथाहरू मौखिक रूपमा नेवारमा लेखिएका छन् र लिखित रूपमा धेरै कम छन्।  तर, साक्षरता दरमा वृद्धि र जनचेतना बढ्दै गएपछि लोककथा लेखिने क्रम बढेको छ ।  अन्य विषयहरूमा पनि कथाहरू लोकप्रिय हुँदैछन्। सन् २००१ को जनगणना अनुसार नेपालमा १० लाखभन्दा बढी मानिसले नेवार भाषा बोल्छन्। आप्रवासन बढ्दै गएपछि अमेरिका, बेलायत, अष्ट्रेलिया र जापान जस्ता देशहरूमा नेवारी भाषी मानिसहरूका विभिन्न निकाय र समाजहरू देखा परेका छन्। नेवारी भाषाका व्यञ्जन वर्णहरूको उच्चरण नेपालीमा जस्तो हुन्छ। नेवारी भाषामा नेपली भन्दा बढी व्यञ्जन वर्णहरू हुन्छन्। नेवारी भाषाको पनि आफ्नै व्याकरणात्मक नियमहरू छन् नेवारी भाषामा केवल नाम शब्दमा मात्र लिङ्ग भेद गरिन्छ। सर्वनाम, विशेषण र क्रियापदहरूमा लिङ्ग भेद हुँदैन नेवारी भाषामा केवल नाम शब्दमा मात्र वचन भेद गरिन्छ"
33,https://ne.wikipedia.org/wiki/%E0%A4%B8%E0%A4%A8%E0%A5%8D%E0%A4%A5%E0%A4%BE%E0%A4%B2%E0%A5%80_%E0%A4%AD%E0%A4%BE%E0%A4%B7%E0%A4%BE,"सन्थाली भाषादक्षिण एसियामा बोलिनेआग्नेसियालीभाषाहरू मध्यको एक भाषा हो । यस भाषा विषेशगरीभारत,बङ्गलादेश,भुटानरनेपालमा बोलिने गरिन्छ। यस भाषा बोल्ने प्रायः जनसङ्ख्या भारतकोझारखण्ड,बिहार,ओडिशा,त्रिपुरा,आसाम,पश्चिम बङ्गालआदिमा बसोबास गर्दछन्। सन्थाली भाषा भारतीय संविधानको आठौँ अनुसूचीमा अन्तर्भुक्त भाषा हो। यो भाषा यस क्षेत्रका करिब ६२ लाख जनताले बोल्ने गर्दछन्।"
34,https://ne.wikipedia.org/wiki/%E0%A4%A6%E0%A4%95%E0%A5%8D%E0%A4%B7%E0%A4%BF%E0%A4%A3_%E0%A4%AD%E0%A4%BE%E0%A4%B0%E0%A4%A4,"भारतका दक्षिणी भागलाईदक्षिण भारतपनि भन्दछन्। आफ्नो संस्कृति, इतिहास तथा प्रजातीय मूलको भिन्नताका कारण यो शेष भारतबाट अलग चिन्हारी बनयो चुका हो। हलांकि यति भिन्न भएर पनि यो भारतको विविधताको एक अंगमात्र हो। दक्षिण भारतीय मान्छे मुख्यतःद्रविड भाषाबोल्दछन् र मुख्यतःद्रविडमूलका छन्। भाषिक र सास्कृतिक रूपबाट यो शेष भारतबाट भिन्न हो।"
35,https://ne.wikipedia.org/wiki/%E0%A4%AC%E0%A4%BE%E0%A4%97%E0%A4%AE%E0%A4%A4%E0%A5%80_%E0%A4%A8%E0%A4%A6%E0%A5%80,बागमती नदीनेपालकोकाठमाडौँ उपत्यकामा रहेका दुई महत्त्वपूर्णकाठमाडौँरललितपुर महानगरपालिकाहरू छुट्ट्याउँदै दक्षिणी नेपालकोमधेश प्रदेशहुँदैभारतकोबिहार राज्यमाकमला नदीमा मिसिन्छ। यसलाईहिन्दुर बौद्ध दुवै धर्मावलम्बीले पवित्र मानेका छन्। यस नदीको किनारमा कयौँ हिन्दु मन्दिरहरू अवस्थित छन्।
36,https://ne.wikipedia.org/wiki/%E0%A4%A6%E0%A4%BE%E0%A4%B0%E0%A5%8D%E0%A4%9C%E0%A4%BF%E0%A4%B2%E0%A4%BF%E0%A4%99,"१९औँ शताब्दीको प्रारम्भमा, भारतमाइस्ट इन्डिया कम्पनीको शासनकालमा, दार्जिलिङलाई बेलायती अधिकारीहरू, सैनिकहरू र तिनीहरूका परिवारहरूका लागि सम्भावित ग्रीष्मकालीन आश्रयको रूपमा चिनिन्थ्यो। साँघुरो पहाडी चट्टान सिक्किम राज्यबाट भाडामा लिएको थियो, र अन्ततः ब्रिटिस भारतमा गाभियो। दार्जिलिङको मुनिको ढलानमा चिया उब्जाउने प्रयोग निकै सफल भयो। जङ्गल काट्न, युरोपेली शैलीको कुटीर बनाउन र चिया बगानमा काम गर्न नेपालबाट मुख्यतया हजारौँ कामदारहरू भर्ना गरिएको थियो। व्यापक वन फँडानीले आदिवासी जनजातिलाई विस्थापित गरेको छ।आज दार्जिलिङको जनसङ्ख्या मुख्यतया सहरको मौलिक विकासमा कार्यरत आदिवासी र आप्रवासी श्रमीकको सन्तानहरुबाट बनेको छ। उनीहरूको साझा भाषानेपाली भाषालाई भारतमा राज्य र सङ्घीय तहमा आधिकारिक मान्यता दिइएको भएतापनि यस मान्यताले भाषा बोल्नेहरूका लागि थोरै अर्थपूर्ण रोजगारी सिर्जना गरेको छ न त उनीहरूले आफ्नो राजनीतिक मामिलामा ठुलो मात्रामा बोल्ने क्षमता बढाएको छ।"
37,"https://ne.wikipedia.org/wiki/%E0%A4%B5%E0%A4%BF%E0%A4%95%E0%A4%BF%E0%A4%AA%E0%A4%BF%E0%A4%A1%E0%A4%BF%E0%A4%AF%E0%A4%BE:%E0%A4%AA%E0%A5%8D%E0%A4%B0%E0%A4%AE%E0%A5%81%E0%A4%96_%E0%A4%B2%E0%A5%87%E0%A4%96/%E0%A4%85%E0%A4%B8%E0%A4%BE%E0%A4%B0,_%E0%A5%A8%E0%A5%A6%E0%A5%AD%E0%A5%AF","नेपाली विकिपिडियाको मुख्य पृष्ठमा भएको प्रमुख लेखलाई प्रत्येक १५ दिनको अन्तरालमा समसामयिक स्तरिय लेखहरू परिवर्तन हुने गरि व्यवस्था गरिएको छ। नेपाली विकिपिडियामा हाल३१,३५६लेखहरू छन् जस मध्येबाट१६५लेखहरू प्रमुख लेखको लागि छनोट भइसकेको छ। नेपाली विकिपिडियामा हालसम्म चयन भएका प्रमुख लेखहरूको सूची तल राखिएको छ। कुनै पनि लेख प्रमुख लेखको रूपमा छनौट हुनको लागी स्तरिय हुन जरूरी छ जसको लागि केहीमापदण्डहरूतय गरिएका छन्।लेखको माथि दाँया तिर पहेँलो ताराको चिन्हले सो लेख प्रमुख लेख हो भन्ने जनाउँदछ। यदि प्रमुख लेख सम्बन्धमा तपाईंको कुनै सुझाव वा जिज्ञासाहरू भएमा कृपयावार्तालापपृष्ठमा राख्नु हुनको लागी अनुरोध गर्दछौँ। प्रमुख लेखसङ्गालो विशेष सामग्रीहरू प्रमुख लेख औजारहरू"
38,https://ne.wikipedia.org/wiki/%E0%A4%B5%E0%A4%BF%E0%A4%95%E0%A4%BF%E0%A4%AA%E0%A4%BF%E0%A4%A1%E0%A4%BF%E0%A4%AF%E0%A4%BE:%E0%A4%AA%E0%A5%8D%E0%A4%B0%E0%A4%AE%E0%A5%81%E0%A4%96_%E0%A4%B2%E0%A5%87%E0%A4%96,"विकिपिडियामा विशेष लेखहरू नेपाली विकिपिडियाको मुख्य पृष्ठमा भएको प्रमुख लेखलाई साप्ताहिक रूपमा समसामयिक स्तरीय लेखहरू परिवर्तन हुने गरी व्यवस्था गरिएको छ। नेपाली विकिपिडियामा हाल३१,३५६लेखहरू छन् जस मध्येबाट१६५लेखहरू प्रमुख लेखको लागि छनौट भइसकेका छन्। नेपाली विकिपिडियामा हालसम्म चयन भएका प्रमुख लेखहरूको सूची तल राखिएका छन्। कुनै पनि लेख प्रमुख लेखका रूपमा छनौट हुनको लागि स्तरीय हुन जरूरी छ जसको लागि केहीमापदण्डहरूतय गरिएका छन्। यदि तपाईंले प्रमुख लेखमा कुनै समस्या देख्नुभएको खण्डमा वार्ता पृष्ठमा सन्देश दिनहुनको लागि अनुरोध गर्दछौँ। विशेष सामग्रीहरू प्रमुख लेख औजारहरू मारूनी नाच"
39,https://ne.wikipedia.org/wiki/%E0%A4%AB%E0%A4%BF%E0%A4%AB%E0%A4%BE_%E0%A4%B5%E0%A4%BF%E0%A4%B6%E0%A5%8D%E0%A4%B5%E0%A4%95%E0%A4%AA,"फिफा विश्वकप प्रतियोगिता विश्वमा सधै भन्दा प्रसिद्ध फुटबल प्रतियोगिता हो । साथैओलम्पिक खेलपछि सबैभन्दा धेरै दर्शकले प्रत्यक्ष तथा टिभीमा हेर्ने एवम् सबैभन्दा धेरै समर्थकहरूले पछ्याउने खेलकुद प्रतियोगिता हो । अझ२००६ फिफा विश्वकपको फाइनल खेल मात्र २६.२९ विलियन दर्शकले खेल प्रत्यक्ष रंगशालामा पुगेर तथा विश्वभर ७१५.१ मिलियन दर्शकले हेरेका थिए । यस पहिलो विश्वकपमा सहभागी टिमहरूको छनोट फिफाको निर्णय तथा निमन्त्रणा अन्तर्गत गरिएको थियो । भने उरूगेलाई आयोजक घोषणा पनि निकै ठूलो राष्ट्रिय कष्टकरका बाबजुदका साथ गरिएको थियो ।यो विश्वकप आयोजना मिति तोकिएको भन्दा झन्डै दुई महिना पछि मात्र आयोजना गरिएको थियो । अन्ततः रिमेट आफैले बेल्जियम, फ्रान्स, रोमानिया, र युगोस्लाभीयाको यात्रा गरेर ती टिमहरूलाई प्रतियोगितामा डाकेका थिए । १९३८ बाहेक १९३४ देखि१९७८सम्मका सम्पुर्ण विश्वकपमा १६ टिमहरूको सहभागीता रहेको थियो ।अस्ट्रेलियातथा नाजीवादबाट शोषितजर्मनीले १९५० को विश्वकपमा पुन स्थान बनाउन सफल भएका थिए ।भारत,स्कटल्याण्डतथाटर्कीसहित १३ टिमहरूले प्रतियोगिताबाट विभिन्न कारणबस आफ्नो सहभागीता फिर्ता लिएको थियो । सबैभन्दा धेरै सहभागीता युरोप र दक्षिण अमेरिकी टिमहरूको थियो भने तिनीहरूको तुलनामा उत्तर अमेरिकी, अफ्रिकी, एसियाली र ओसिनीयाका टिमहरू कम मात्रामा सहभागी थिए ।  यी टिमहरूमा पनि युरोपेली तथा दक्षिण अमेरिकी टिमहरूकै प्रतियोगिता दबदबा रहेको थियो । १९८२ सम्म युरोपेली तथा दक्षिण अमेरिकी टिम बाहेक अन्य पनि टिम प्रतियोगिताको दोस्रो चरणमा तथा अन्य चरणमा खासै पुग्न सकेको थिएन । यस्तै अमेरिका१९३०को सेमिफाइनलमा,क्युबा१९३८को क्वाटरफाइनलमा,उत्तर कोरिया१९६६को क्वाटरफाइनलमा रमेक्सिको१९७०को क्वाटरफाइनलमा मात्र पुग्न सफल भएको थियो । दक्षिण कोरिया"
40,https://ne.wikipedia.org/wiki/%E0%A4%AC%E0%A5%8D%E0%A4%B0%E0%A4%BE%E0%A4%9C%E0%A4%BF%E0%A4%B2,भूगोल पुरानो राजधानी रियो दी जेनेरियो हो। हाल यसको राजधानी ब्रासिलिया हो।
41,https://ne.wikipedia.org/wiki/%E0%A4%B8%E0%A4%82%E0%A4%B8%E0%A5%8D%E0%A4%95%E0%A5%83%E0%A4%A4_%E0%A4%AD%E0%A4%BE%E0%A4%B7%E0%A4%BE,"इरानेली रयुनानी भाषाका परिवारका अधिकांश पुरातन कविताहरू,पुरानो अवेस्तानका गाथाहरू रहोमरका इलियाड विशेष गरी ऋग्वेदका भजनहरूसँग मिल्दोजुल्दो छन्। ऋग्वेदलाई असाधारण जटिलता, कठोरता र निष्ठाको स्मरण गर्ने विधिद्वारा मौखिक रूपमा प्रसारित गरिएको हुनाले, विभिन्न पाठहरू बिना एकल पाठको रूपमा, यसको संरक्षित पुरातन वाक्य रचना र आकृति विज्ञान सामान्य पूर्वज भाषाआदिम भारोपेली भाषाको पुनर्निर्माणमा महत्त्वपूर्ण महत्वको छ। संस्कृत विभिन्नब्राह्मी लिपिहरूमा लेखिएको छ, र आधुनिक युगमा सामान्यतयादेवनागरीमा लेखिएको छ। भारतको सांस्कृतिक सम्पदामा संस्कृतको स्थिति, कार्य र स्थानलाईभारतको आठौँ अनुसूची भाषाहरूको संविधानमा समावेश गरेर मान्यता दिइएको छ। तथापि, पुनरुत्थानको प्रयासको बावजुद, भारतमा संस्कृतको पहिलो भाषा बोल्नेहरू छैनन्। भारतका हालैका प्रत्येक दसवर्षीय जनगणनामा हजारौँ नागरिकले संस्कृतलाई आफ्नो मातृभाषाको रूपमा लिखित गरेका छन्, तर यो सङ्ख्याले भाषाको प्रतिष्ठासँग जोडिने इच्छालाई सङ्केत गर्दछ। परापूर्वकालदेखि नै परम्परागत गुरुकुलमा संस्कृत भाषाको पढाइ हुँदै आएको छ। यो आज माध्यमिक विद्यालय स्तरमा व्यापक रूपमा सिकाइएको छ। सबैभन्दा पुरानो संस्कृत कलेज बनारस संस्कृत कलेज हो जसको स्थापना सन् १७९१ माइस्ट इन्डिया कम्पनीको शासनकालमा भएको थियो। हिन्दु र बौद्ध भजन र मन्त्रहरूमा संस्कृतलाई औपचारिक र कर्मकाण्डी भाषाको रूपमा व्यापक रूपमा प्रयोग गरिएको छ।"
42,https://ne.wikipedia.org/wiki/%E0%A4%B5%E0%A5%88%E0%A4%A6%E0%A4%BF%E0%A4%95_%E0%A4%95%E0%A4%BE%E0%A4%B2,"ऋग्वैदिक कालमाआर्यसप्त सिन्धु क्षेत्रमा रहन्थे। यो क्षेत्र वर्तमानमापञ्जाबएवंहरियाणाका केही भागहरूमा पर्छ। सामवेदको रचना ऋग्वेदमा दिइयो मंत्रहरूलाई गाने योग्य बनाउने हेतुको गयी थियो। अथर्ववेदको रचना अथर्वा ऋषिले गरेको थियो। वैदिक मन्त्रहरू तथा संहिताहरूको गद्य टीकाहरूलाई ब्राह्मण भनिन्छ। पुरातन ब्राह्मणमा ऐतरेय, शतपथ, पंचविश, तैतरीय आदि विशेष महत्त्वपूर्ण छन्। ब्राह्मण ग्रन्थहरूको रचना संहिताहरूका गर्मकांडको व्याख्या गर्नका लागि गरिएको थियो। आरण्यकको रचना जंगलमा ऋषिहरू द्वारा गरिएको थियो। वेदांगको सङ्ख्या ६ छ सूत्र साहित्य वैदिक साहित्यको अङ्ग न हुनको बावजूद त्यसलाई समझनमा सहायक छ । कल्प सूत्रऐतिहासिक दृष्टि देखि सर्वाधिक महत्त्वपूर्ण वेदका अङ्गशास्त्रहरू मध्ये हस्तस्थानीय अङ्ग । ऋग्वैदिक काल मुख्यतः एक कबीलाई व्यवस्था वाला शासन थियो जसमा सैनिक भावना प्रमुख थियो। राजालाई गोमत पनि भनिन्थ्यो।"
43,https://ne.wikipedia.org/wiki/%E0%A4%AC%E0%A4%B0%E0%A5%8D%E0%A4%AE%E0%A4%BE,"विशेष गरी हालका दशकहरूमा यस देशको नाम विवाद र असहमतिको विषय भएको छ, विशेष गरी म्यानमार र बर्मा प्रयोग गर्नेहरू राजनीतिक वैधानिकतामा केन्द्रित छ। दुबै नामहरू म्यानमार वा म्याम्माबाट बर्मेली भाषाबाट आएका हुन् जुन बहुमत बमा जातीय समूहको लागि एक उपनाम हो। यी शब्दहरू बाहेक संस्कृत भाषाको शब्द ब्रह्मादेशबाट बर्माको उत्पत्ति भएको थियो जुन देशको लोकप्रिय मध्ये एक हो। सरकार साधारण जानकारी अर्थतन्त्र कृषि व्यापार वातावरण"
44,https://ne.wikipedia.org/wiki/%E0%A4%86%E0%A4%B0%E0%A5%8D%E0%A4%AF%E0%A4%AD%E0%A4%9F%E0%A5%8D%E0%A4%9F,एउटा अर्को मान्यता अनुसार उनको जन्म महाराष्ट्रको अश्मक देशमा भएको थियो। उनको वैज्ञानिक कार्यहरूको समादर राजधानीमा नैं हुनसक्थ्यो। यसकारण उनले लामो यात्रा गरी आधुनिक पटनाको छेउको कुसुमपुरमा बसेर आफ्ना रचनाहरु पूरा गरेका थिए। र
45,https://ne.wikipedia.org/wiki/%E0%A4%AA%E0%A4%BE%E0%A4%9F%E0%A4%B2%E0%A5%80%E0%A4%AA%E0%A5%81%E0%A4%A4%E0%A5%8D%E0%A4%B0,"एतिहासिक र प्रशासनिक महत्त्वको अतिरिक्त, पटनाशिक्षारचिकित्साको पनि एक प्रमुख केन्द्र हो। दिवालाहरूबाट घेरिएको नगरको पुरानो क्षेत्र, जसलाईपटना सिटीको नामले जानिन्छ, एक प्रमुख वाणिज्यिक केन्द्र हो। यस पश्चात नगरमा गुप्त वंश सहित धेरै राजवंशहरूको राज रहयो। यि राजाहरूले यहींबाट भारतीय उपमहाद्वीपमा शासन गरे। गुप्त वंशको शासनकाललाईप्राचीन भारतको स्वर्ण युग भनिन्छ। तर यसपछि नगरलाई त्यो गौरव मिलेन जुन एक समय मौर्य वंश या गुप्त वंशको समय प्राप्त थियो। गुप्त साम्राज्यको पतन पछि पटनाको भविष्य एकदम अनिश्चित रहयो। १२औँ शताब्दीमाबख्तियार खिलजीले बिहारमा आफ्नो अधिपत्य जमाए र धेरै आध्यात्मिक प्रतिष्ठानहरूलाई ध्वस्त गरे। पटना देशको सांस्कृतिक र राजनीतिक रहेन। मुगलकालमादिल्लीका सत्ताधारिहरूले आफ्नो नियन्त्रण यहाँ बनाए राखे। यस कालमा सबै भन्दा उत्कृष्ठ समय तब आयो जब शेरशाह सूरीले नगरलाई पुनर्जीवित गर्ने कोशिश गरे। उनले गङ्गाको तीरमा एक किला बनाउनलाई सोचे। उनले बनाएको किल्ला त अझै छैन, तर अफगान शैलीमा बनाएको एक मस्जिद अझै पनि छ। ईसवी सन १९१२ मा बङ्गाल विभाजन पछि, पटना उडीसा तथा बिहारको राजधानी बन्यो। आए एफ मुन्निंगले पटनाको प्रशासनिक भवनहरूको निर्माण गरे। सङ्ग्रहालय, उच्च अदालत, विधानसभा भवन इत्यादि बनाउने श्रेय उनलाई नै जान्छ। केही मानिसहरुको विचार यो छ कि पटनाको नयाँ भवनहरूको निर्माणमा हासिल भएको अनुभब दिल्लीको शासनिक क्षेत्रको निर्माणमा धेरै काम आयो। सन १९३५ मा उडीसा बिहारबाट अलग गरेर एक राज्य बनाई दिइयो। पटना राज्यको राजधानी बनिरह्यो। पटनामा अपराधको दर अपेक्षाकृत कम छ। मुख्य जेलबेउरमा छ। पटनामा धेरै भाषा तथा बोलिहरू बोलीईन्छ।हिन्दीएवंउर्दूराज्यको आधिकारिक भाषा हो।अङ्ग्रेजीको पनि प्रयोग हुन्छ।मगहीयहाँको स्थानीय बोली हो। अन्य भाषाहरू, जुन कि बिहारको अन्य भागहरूबाट आएका मान्छेहरूको मातृभाषा हो,माअंगिका,भोजपुरी,बज्जिकारमैथिलीप्रमुख छन्। आंशिक प्रयोगमा आनवाली अन्य भाषाहरूमाबंग्लारउडियाको नाम लिन सकिन्छ। पटनाकोमेमनलाई पाटनी मेमन भन्छन् र उनिहरूको भाषा मेमनी भाषाको एक स्वरूप हो। पटनाको मुख्य जनजीवनअंगतथामिथिलाप्रदेशहरूबाट एकदम प्रभावित छ। यो संस्कृतिबङ्गालसँग मिल्दो जुल्दो छ। महिलाहरूको परिवारमा सम्मान हुन्छ तथा पारिवारिक निर्णयहरूमा उनको कुरा पनि सुनीन्छ। यद्धपि स्त्रिहरू अझै सम्म घरको कमाऊ सदस्यहरूमा छैनं, तर उनको दशा उत्तर भारतको अन्य क्षेत्रहरूभन्दा राम्रो छ। भ्रूण हत्याको खबर शायद नै सुनीन्छ तर कही कहीं स्त्रिहरूको शोषण पनि हुन्छ। शिक्षाको मामलामा महिलाहरूको तुलनामा पुरूषहरूलाई तरजीह मिल्दछ। दीवाली,दुर्गापूजा,होली,ईद,क्रिसमस,छठआदि लोकप्रियतम चाड पर्वहरूमा मध्येका हुन। दशहरामा सांस्कृतिक कार्यक्रमहरूको लामो तर क्षीण हुदै गरेको परम्परा छ। यस परम्पराको शुरुवात वर्ष १९४४ मा मध्य पटनाको गोविंद मित्रा रोड गल्लीबाट भएको थियो। धुरंधर संगीतज्ञों सँग सगै ठूला कव्वाल रमुकेशवातलत महमूदजस्ता गायक पनि यससँग जुडीदै गए। रेल यातायात अनुग्रह नारायण सिँह कलेजपटनाको प्रशिद्द कलेज हो। यसले शिक्षाको क्षेत्रमा महत्त्वपूर्ण योगदान दिएकोछ। प्रायः बिहार बोर्ड तथा सीबीएसईका स्कूलहरू छन्। हालमा अनिं बिहार कलेज अफ इंजीनियरिंगलाई एनआईसुइहरू दर्जा दिइएको छ। पटना यूनिभर्सिटी, मगध विश्वविद्धालय तथा नालन्दा ओपेन यूनिभर्सिटी यी तीन विश्वविद्धालय हुन् जसका शिक्षण संस्थान सहरमा छन्।"
46,https://ne.wikipedia.org/wiki/%E0%A4%B8%E0%A5%8B%E0%A4%AE%E0%A4%A8%E0%A4%BE%E0%A4%A5_%E0%A4%AE%E0%A4%A8%E0%A5%8D%E0%A4%A6%E0%A4%BF%E0%A4%B0,"सोमनाथहिंन्दूहरूको एउटा पवित्र तिर्थस्थल हो । योगुजरातकोसौराष्ट्रमा अवस्थित छ ।
वि.स. ५२० तिर कर्णाटकको मैसुरमा जन्मिएका सोमनाथ आत्रेय प्रतिहारवंशी गौर्जर ब्राह्मण थिए । यिनी निकै धनवान् थिए । यिनले नै यो सोमनाथको भव्य मन्दिर बनाएका थिए र त्यसमा ज्योतिर्लिङ्गको स्थापना गरेका थिए । त्यो ज्योतिर्लिङ्गलाई उनी दैनिक पुजाअर्चना गर्दथे । उनी पोखरेलहरु वंशको मुल पुरुष पनि माइन्छन् ।"
47,https://ne.wikipedia.org/wiki/%E0%A4%B5%E0%A4%BF%E0%A4%95%E0%A4%BF%E0%A4%AA%E0%A4%BF%E0%A4%A1%E0%A4%BF%E0%A4%AF%E0%A4%BE:%E0%A4%95%E0%A5%87_%E0%A4%A4%E0%A4%AA%E0%A4%BE%E0%A4%88%E0%A4%B2%E0%A4%BE%E0%A4%88_%E0%A4%A5%E0%A4%BE%E0%A4%B9%E0%A4%BE_%E0%A4%9B%3F/%E0%A4%86%E0%A4%B5%E0%A5%87%E0%A4%A6%E0%A4%A8%E0%A4%B9%E0%A4%B0%E0%A5%82,"नेपाली विकिपिडियाको मुख्य पृष्ठमा रहेकोके तपाईंलाई थाहा छ?खण्डको लागी यहाँ आवेदन राख्नसक्नु हुन्छ । यदि तपाईंले त्यस खण्डमा कुनै समस्या देख्नु भएको खण्डमावार्ता पृष्ठमा सन्देश दिनु हुनको लागी अनुरोध गर्द छु । के तपाईलाई थाहा छ? आवेदन तयार गर्नुहोस् के तपाईंलाई थाहा छ?... के तपाईलाई थाहा छ? सङ्गालो आवेदकले तलको विवरण भरि आवेदन गर्नुहोला । नेपाल कम्युनिस्ट पार्टी का संस्थापक क. पुष्पलाल हुन । नेपालको सबैभन्दा ठूलो सौर्य विद्युत आयोजना नुवाकोटमा रहेको छ । 
यसको उत्पादन क्षेमता २५ मेगावाट रहेको छ । नेपालमा हाल १३१ वटा भाषा बोलिन्छ। रारा राष्ट्रिय निकुञ्ज हो जसको कूल क्षेत्रफल १०६ वर्ग कि.मी रहेको छ।"
48,https://ne.wikipedia.org/wiki/%E0%A4%AC%E0%A4%99%E0%A5%8D%E0%A4%97%E0%A4%B2%E0%A4%BE%E0%A4%A6%E0%A5%87%E0%A4%B6,"बङ्गलादेशमा सभ्यताको इतिहास धेरै पुराना छ। आजकोभारतको अंधिकांश पूर्वी क्षेत्र कुनै वेलाबङ्गलादेशको नामबाट जानिन्थो।बौद्धग्रन्थहरूको अनुसार यस क्षेत्रमा आधुनिक सभ्यताको शुरुवात ७०० इसवी इसा पू.मा प्रारम्भ भएको मानिन्छ। यहाँको प्रारम्भिक सभ्यतामाबौद्धरहिन्दुधर्मको प्रभाव स्पष्ट देख्न सकिन्छ। उत्तरी बङ्गलादेशमा स्थापित भएको यस्तो हजारौ अवशेष अहिले पनि मौजूद छ जसलाई मन्दिर वा मठ भन्न सकिन्छ। देशको राजनीतिमाराष्ट्रपतिसंवैधानिक प्रधान हुन्छन, जबकिप्रधानमन्त्रीदेशको प्रशासनिक प्रमुख हुन्छन।राष्ट्रपतिहरेक पाँच पछि निर्वाचित गरिन्छ। प्रधानमन्त्रीको नियुक्ति राष्ट्रपतिद्वारा गरीन्छ, प्रधानमन्त्री यस्तो व्यक्तिलाई चुनिन्छ जो त्यस समयसंसदको का सदस्य हुन्छ र राष्ट्रपतिलाई विश्वास दिलाउछ कि उसलाई संसदमा बहुमतको समर्थन हासिल छ। प्रधानमन्त्रीले आफ्नो मन्त्रीको केबिनेट गठित गर्दछ जसको नियुक्तिको सहमती राष्ट्रपतिले दिन्छन। बङ्गलादेशकोसंसदलाईजातीय संसदभनिन्छ जसको ३०० सदस्य प्रत्यक्ष मतदानद्वारा निर्वाचित आउदछन, र पाँच वर्षसम्म आफ्नो क्षेत्रको प्रतिनिधित्व गर्दछन। देशको सबैभन्दा ठुलो वैधानिक संस्था बङ्गलादेशसर्वोच्च अदालतजसकोप्रधान न्यायाधीशर अन्य न्यायधीशहरूको नियुक्ति राष्ट्रपति गर्दछन। बङ्गलादेशमा विभिन्न प्रकारका नृत्यहरू प्रचलित रहेका छन्। जसमा आदिवासी जनजाति नाच, लोक नृत्य, शास्त्रीय नृत्य आदि रहेका छन्। देशको ग्रामीण क्षेत्रमा यात्रा गर्ने परम्परा रहेको छ। बङ्गलादेशको सङ्गीत भाषाको प्रमुख हो। बङ्गलादेशको ग्रामीण भेगकालोकसङ्गीतमध्ये बाउल गीत, जारी, सारी, भावाइया, भाटियाली, मुर्शिदी, गम्भिरा, कविगान आदि लोकसङ्गीत उल्लेखनीय छन्।एकतारे, डोतारा,ढोल,बाँसुरीआदि लाई मुख्यतया ग्रामीण क्षेत्रको लोक सङ्गीतसँगै बाजाको रूपमा प्रयोग गरिन्छ। भारतीय र मध्यपूर्वी खानपानले बङ्गलादेशको खान्की परम्परामा प्रभाव पारेको छ। भात, दाल र माछा बङ्गलादेशीहरूकोमुख्य खानाहो। रसगुल्ला, कचगोला, चोमचोम, गुलाब जामुन, सन्देश जस्ता चिज तथा अन्य प्रकारका मिठाईहरू यस देशमा निकै लोकप्रिय छन्।"
49,https://ne.wikipedia.org/wiki/%E0%A4%B6%E0%A5%87%E0%A4%96_%E0%A4%B9%E0%A4%B8%E0%A4%BF%E0%A4%A8%E0%A4%BE,शेख हसिनादक्षिण एसियाली राष्ट्रबङ्गलादेशकी १० औं  प्रधानमन्त्री हुन्। उनको जन्म सन् १९४७ सेप्टेम्बर २८ का दिन पूर्वी बङ्गालको टुङ्गिपाडा भन्ने ठाउँमा भएको थियो। उनी बङ्गलादेशकी १०औँ प्रधानमन्त्री हुन् र उनले यो पद सन् २००९ जनवरीबाट सम्हाल्दै आएकी छन्। साथै उनी बङ्गलादेशको इतिहासमा सबैभन्दा लामो समयसम्म प्रधानमन्त्री पदमा रहने व्यक्ति समेत हुन्। शेख हसिनाको जन्म सन् १९४७ सेप्टेम्बर २८ का दिन पूर्वीपाकिस्तानको टुङ्गिपाडामा भएको थियो। उनको बुबाबङ्गलादेशका प्रथम राष्ट्रपतिशेख मुजिबुर रहमानर उनकी आमाबेगम फाजिलातुन्नेछाथिइन्। हसिनाले टुङ्गिपाडामा प्रारम्भिक शिक्षा लिएकी थिइन् भने सन् १९५४ देखि उनी आफ्नो परिवारको साथमा     ढाकाको मोगलटलिको रजनी बोस लेनको घरमा बसोबास गर्न सुरु गरेकी थिइन् र पछि उनको परिवार मिन्टो सडकमा रहेको एक सरकारी निवासमा सरेका थिए। सन् १९५६ मा उनी थप शिक्षा हासिल गर्नका लागि टिकाटुलीमा रहेको नारीशिक्षा मन्दिर कन्या विद्यालयमा भर्ना भएकी थिइन्। सन् १९६१ अक्टोबर १  देखि उनको परिवार धानमोन्डी स्थित ७२ सङ्ख्याको घरमा बस्न सुरु गरेका थिए। शेख हसिनाले सन् १९७३ मा ढाका विश्वविद्यालयबाट स्नातकोत्तर सम्पन्न गरेकी थिइन्। विश्वविद्यालयमा अध्ययन गर्दै गर्दा उनको वाजेद मियाँसँग विवहा भएको थियो। हसिना र वाजेदका सजीव वाजेद जोय र सायमा वाजेल पुतुल नामक दुइ सन्तानहरू रहेका छन्। वाजेद मियाको सन् २००९ मा मृत्यु भएको थियो। सन् १९७५ अगस्ट १५ का दिन सैनिक विद्रोहमा उनी र उनको बहिनी शेख रेहाना बाहेक उनको परिवारका सबै सदस्यहरू मारिएका थिए भने तत्कालीन समयमा उनी र उनकी बहिनीपश्चिम जर्मनीमा अध्ययन गरिरहेका थिए।
50,https://ne.wikipedia.org/wiki/%E0%A4%A1%E0%A5%8B%E0%A4%A8%E0%A4%BE%E0%A4%B2%E0%A5%8D%E0%A4%A1_%E0%A4%9F%E0%A5%8D%E0%A4%B0%E0%A4%AE%E0%A5%8D%E0%A4%AA,"उनले  व्हार्टन स्कूल, यूनिवर्सिटी अफ पेनसिलभेनियाबाट शिक्षा प्राप्त गरेका हुन । ट्रम्पले कयौं समारोहमा नेटोको आवश्यकता माथी प्रश्न उठाए, अमेरिकाको  नेटो सहकर्मीको आलोचना गरे व्यक्तिगत रुपमा अमेरिका यस्ता गठबन्धनबाट बाहिरिनु पर्नेमा विचार राखे। डोनाल्ड ट्रम्पले लगातारईरान परमाणु सम्झौताको विरोध गरे र अमेरिका त्यस सम्झौताबाट बाहिरियो। २ जनवरी २०२० मा उनलेईस्लामिक रिभोलुसनरी गार्ड्स कर्प्सकुद्स फोर्सकामेजर जनरलकासिम सुलेमानीसहित ८ अन्यको हत्याको लागि आदेश दिए। ट्रम्पले इरानले हमला गरेमा इरानको ५२ साँस्कृतिक सम्पदाहरू आफ्नो निशानामा रहेको सार्वजनिक धम्की समेत दिए। ८ जनवरी २०२० मा इरानले इराकमा रहेको दुई अमेरिकी सैन्य शिविरमा क्षेप्यास्त्र हमला गर्यो। ट्रम्प्ले व्हार्टन स्कूल, यूनिवर्सिटी ऑफ़ पेनसिलवेनियाबाट शिक्षा प्राप्त गरेक हुन्। सुरुवाती १९६४ आगस्त मा ट्रम्प दुई वर्ष का लागि ब्रोंक्स मा फ़ोरुन्होंने धम विश्वविद्यालय मा भाग लिए । उनले मई १९६८ में पेनबाट स्नातक को उपाधि का साथ अर्थशास्त्र मा पनिस्नातकको डिग्री उपाधि हासिल गरे। ट्रम्प अमेरिकाका ४५ औँ  राष्ट्रपति हुन्। डॉनल्ड ट्रम्पले सन् २०१६, जुन १६ मा अमेरिकी चुनावका लागि उम्मेदवारी घोषणा गरेका थिए ।"
51,https://ne.wikipedia.org/wiki/%E0%A4%A1%E0%A5%8B%E0%A4%A8%E0%A4%BE%E0%A4%B2%E0%A5%8D%E0%A4%A1_%E0%A4%9F%E0%A5%8D%E0%A4%B0%E0%A4%AE%E0%A5%8D%E0%A4%AA%E0%A4%95%E0%A5%8B_%E0%A4%B9%E0%A4%A4%E0%A5%8D%E0%A4%AF%E0%A4%BE_%E0%A4%AA%E0%A5%8D%E0%A4%B0%E0%A4%AF%E0%A4%BE%E0%A4%B8,बाइडेनले साँझ ट्रम्पसँग कुरा गरे ।
52,https://ne.wikipedia.org/wiki/%E0%A4%B8%E0%A4%82%E0%A4%AF%E0%A5%81%E0%A4%95%E0%A5%8D%E0%A4%A4_%E0%A4%85%E0%A4%A7%E0%A4%BF%E0%A4%B0%E0%A4%BE%E0%A4%9C%E0%A5%8D%E0%A4%AF%E0%A4%95%E0%A5%8B_%E0%A4%AA%E0%A5%8D%E0%A4%B0%E0%A4%A7%E0%A4%BE%E0%A4%A8%E0%A4%AE%E0%A4%A8%E0%A5%8D%E0%A4%A4%E0%A5%8D%E0%A4%B0%E0%A5%80,"संयुक्त अधिराज्यको प्रधानमन्त्रीसंयुक्त अधिराज्यको सरकार प्रमुख हुन्। प्रधानमन्त्रीले कार्यपालिका र व्यवस्थापिका दुवैलाई निर्देशन गर्दछ। प्रधानमन्त्रीले मन्त्रिपरिषद् सरकारको नीति तथा निर्णयको लागि राजतन्त्र, संसद, राजनीतिक दल र अन्ततः जनताप्रति उत्तरदायी हुन्छन्। प्रधानमन्त्रीले धेरै शाही विशेषाधिकारको प्रयोगमा संयुक्त अधिराज्यको राजशाहीलाई सल्लाह दिनुका साथै मन्त्रिपरिषद्को अध्यक्षता गर्छन् र मन्त्रीहरू छान्ने कार्य गर्छन्। आधुनिक प्रधानमन्त्रीहरूलेहाउस अफ कमन्सको विश्वासलाई प्राप्त गर्ने क्षमताको आधारमा पद धारण गर्ने भएकाले उनीहरू संसदको सदस्यको रूपमा बस्छन्। प्रधानमन्त्री पदेन रूपमा कोषागारको प्रथम अधिकारी, निजामती सेवा मन्त्री र राष्ट्रिय सुरक्षाको लागि जिम्मेवार मन्त्री हुन्छन्। सन् २०१९ मा सङ्घका लागि मन्त्रीको कार्यालय स्थापना भएको थियो जसलाई धारण गर्ने पहिलो प्रधानमन्त्री बोरिस जोनसन भएका थिए। बोरिस जोनसनलाईकन्जरभेटिभ पार्टीको शीर्षस्थ नेताको रूपमा परिवर्तन गरेपछि सन् २०२२ सेप्टेम्बर ६ देखिलिज ट्रससंयुक्त अधिराज्यको प्रधानमन्त्री छिन्।"
53,https://ne.wikipedia.org/wiki/%E0%A4%AD%E0%A4%BE%E0%A4%B0%E0%A4%A4,भारतमा २९ प्रान्त तथा ६ केन्द्र शासित सङ्घीय राज्य क्षेत्र यसप्रकार रहेका छन्।
54,"https://ne.wikipedia.org/wiki/%E0%A4%AD%E0%A4%BE%E0%A4%B0%E0%A4%A4%E0%A4%95%E0%A5%8B_%E0%A4%86%E0%A4%AE_%E0%A4%A8%E0%A4%BF%E0%A4%B0%E0%A5%8D%E0%A4%B5%E0%A4%BE%E0%A4%9A%E0%A4%A8,_%E0%A5%A8%E0%A5%A6%E0%A5%A8%E0%A5%AA",नरेन्द्र मोदीभारतीय जनता पार्टी नरेन्द्र मोदीभारतीय जनता पार्टी पहिलो चरणको मतदानपछि भारतीय जनता पार्टीले गुजरातको सुरत निर्वाचन क्षेत्रका लागि आफ्ना उम्मेदवार मुकेश दलाललाई निर्विरोध निर्वाचित गरेपछि आफ्नो पहिलो सीट जितेको थियो। भारतीय निर्वाचन आयोगले दुई साताअघि नै प्रतिद्वन्द्वी उम्मेदवारको अनुपस्थितिका कारण नतिजा प्रमाणीकरण गरेकाले उक्त क्षेत्रमा मतदान हुन सकेको थिएन।
55,https://ne.wikipedia.org/wiki/%E0%A4%A8%E0%A4%B0%E0%A5%87%E0%A4%A8%E0%A5%8D%E0%A4%A6%E0%A5%8D%E0%A4%B0_%E0%A4%AE%E0%A5%8B%E0%A4%A6%E0%A5%80,अटल बिहारी वाजपेयीजस्तै नरेन्द्र मोदी एउटाराजनेतार कवि हुन्। उनलेगुजरातीवाहेक हिन्दीमा समेत राष्ट्रप्रेमी कविताहरू लेख्ने गरेका छन्।
56,https://ne.wikipedia.org/wiki/%E0%A4%B0%E0%A5%81%E0%A4%B8,"संवैधानिक अदालत, उच्च न्यायालय र तल्लो  सङ्घीय अदालतहरू, जसका न्यायाधीशहरू राष्ट्रपतिको सिफारिसमा फेडरल काउन्सिलद्वारा नियुक्ति गरिएका छन्, कानुनी व्याख्या र अनौपचारिक रूपान्तरण गर्न कानुनहरू हटाउन सक्छन्।"
57,https://ne.wikipedia.org/wiki/%E0%A4%B5%E0%A4%BF%E0%A4%95%E0%A4%BF%E0%A4%AA%E0%A4%BF%E0%A4%A1%E0%A4%BF%E0%A4%AF%E0%A4%BE:%E0%A4%AA%E0%A5%8D%E0%A4%B0%E0%A4%AE%E0%A5%81%E0%A4%96_%E0%A4%B8%E0%A4%AE%E0%A4%BE%E0%A4%9A%E0%A4%BE%E0%A4%B0/%E0%A4%89%E0%A4%AE%E0%A5%8D%E0%A4%AE%E0%A5%87%E0%A4%A6%E0%A4%B5%E0%A4%BE%E0%A4%B0,प्रमुख समाचारमापदण्डउम्मेदवारदोहोरिने विषयहरूढाँचा स्मृतिशेष अद्यावधिक गर्नका लागि यस पृष्ठलाई पर्ज गर्नुहोला चार्ल्स तृतीय
58,https://ne.wikipedia.org/wiki/%E0%A4%B5%E0%A4%BF%E0%A4%95%E0%A4%BF%E0%A4%AA%E0%A4%BF%E0%A4%A1%E0%A4%BF%E0%A4%AF%E0%A4%BE:%E0%A4%AA%E0%A5%8D%E0%A4%B0%E0%A4%AE%E0%A5%81%E0%A4%96_%E0%A4%B8%E0%A4%AE%E0%A4%BE%E0%A4%9A%E0%A4%BE%E0%A4%B0,प्रमुख समाचारमापदण्डउम्मेदवारदोहोरिने विषयहरूढाँचा विशेष सामग्रीहरू प्रमुख समाचार औजारहरू
59,https://ne.wikipedia.org/wiki/%E0%A4%AD%E0%A4%BE%E0%A4%B0%E0%A4%A4%E0%A5%80%E0%A4%AF_%E0%A4%B5%E0%A4%BE%E0%A4%AF%E0%A5%81%E0%A4%B8%E0%A5%87%E0%A4%A8%E0%A4%BE,"सन् १९५० यता भारतीय वायुसेनाले छिमेकी देशपाकिस्तानसँग चार पटक युद्ध गरिसकेको छ। भारतीय वायुसेनाले कार्यवाही गरेका अन्य प्रमुख कार्यवाहीहरूमा कार्यवाही विजय, कार्यवाही मेघदूत, कार्यवाही क्याक्टस र कार्यवाही पुमलाई समावेश छन्। भारतीय वायुसेनाको उद्देश्य शत्रुतापूर्ण शक्तिहरूसँगको संलग्नताभन्दा पनि विस्तारित छ, वायुसेनालेसंयुक्त राष्ट्रसङ्घको शान्ति उद्देश्यमा भाग लिन्छ। भारत र त्यहाँको प्रत्येक भागको रक्षाको लागि तयारी र युद्धको समयमा अनुकूल हुन सक्ने सबै कार्यहरू यसको अभियोजनको लागि र यसको समाप्ति पछि प्रभावकारी डिमोबिलाइजेसनको लागि समावेश छ।"
60,https://ne.wikipedia.org/wiki/%E0%A4%9A%E0%A4%B0%E0%A4%BE,हाम्रो देश नेपालमा पाइने केही प्रचलित चराहरू यस प्रकार रहेका छन्।
61,https://ne.wikipedia.org/wiki/%E0%A4%9F%E0%A4%B0%E0%A5%8D%E0%A4%95%E0%A5%80_(%E0%A4%9A%E0%A4%B0%E0%A4%BE),टर्कीमेलियाग्रिसवंशमा पर्ने ठुलो आकरको पंक्षी हो। यो चरा उढ्न सक्दैनौ।
62,https://ne.wikipedia.org/wiki/%E0%A4%98%E0%A4%B0%E0%A4%AA%E0%A4%BE%E0%A4%B2%E0%A5%81%E0%A4%B5%E0%A4%BE_%E0%A4%9F%E0%A4%B0%E0%A5%8D%E0%A4%95%E0%A5%80,घरपालुवा टर्कीएउटा ठूलो घरपालुवाचराहो। योटर्कीको एक प्रजातीजंगली टर्कीको विकसित वंश हो।
63,https://ne.wikipedia.org/wiki/%E0%A4%B5%E0%A4%BF%E0%A4%95%E0%A4%BF%E0%A4%AA%E0%A4%BF%E0%A4%A1%E0%A4%BF%E0%A4%AF%E0%A4%BE:%E0%A4%AA%E0%A5%8D%E0%A4%B0%E0%A4%AE%E0%A5%81%E0%A4%96_%E0%A4%9A%E0%A4%BF%E0%A4%A4%E0%A5%8D%E0%A4%B0,नेपाली विकिपिडियाका प्रमुख चित्रहरू नेपाली विकिपिडियाको मुख्य पृष्ठमा स्वचालित रूपले मिति अनुसार प्रमुख चित्र परिवर्तन हुने व्यवस्था गरिएको छ। प्रमुख चित्रले यस विकिपिडियाको उत्कृष्ट तस्विरको प्रदर्शन गर्ने गर्दछ। प्रमुख चित्रमा हाल हरेक दिन नयाँ चित्र प्रदर्शन गर्ने व्यवस्था गरिएको छ। २.मुक्त प्रतिलिपि अधिकार मात्र मान्य हुनेछ ३.फाइलको बारेमा पूर्ण विवरण वर्णनात्मक र जानकारीहरू नेपाली भाषामा हुनुपर्नेछ
64,https://ne.wikipedia.org/wiki/%E0%A4%B5%E0%A4%BF%E0%A4%95%E0%A4%BF%E0%A4%AA%E0%A4%BF%E0%A4%A1%E0%A4%BF%E0%A4%AF%E0%A4%BE:%E0%A4%AC%E0%A4%BE%E0%A4%B0%E0%A5%87%E0%A4%AE%E0%A4%BE,"विकिपिडियाको सुरुवात जनवरी २००२ मा अङ्ग्रेजी भाषाको विकिपीडियाबाट भएको हो। हाल यसको नेपाली संस्करण भने प्रारम्भिक अवस्थामा छ। नेपाली भाषाको ३१,३५६ लेखहरू समेत गरि सबै विकिपीडियाहरूमा हाल १ करोड भन्दा बढी लेखहरू छन। प्रत्येक दिन संसारभरका सयौँ मानिसहरूले हजारौँ परिवर्तनहरू गर्दछन र कयौँ नयाँ लेखहरू निर्माण गर्दछन्। यस वेबसाइटमा लेखिएका सबै कुराहरूलाईग्नु खुल्ला दस्ताबेज अनुमतिले समेट्छ। तपाईले लेख्नुभएका कुराहरू तपाईकै सम्पति रहन्छन रप्रतिलिपिछुटअनुमतिले सबैजनालाई सधैँ प्रयोग र प्रतिलिपि गर्न पाउने अधिकार सुनिश्चित गर्दछ। थप जानकारीका लागि हेर्नुहोसप्रतिलिपि अधिकार।"
